{"cameraMode":{"drawMode":0,"name":"Shaded","section":"Shading Mode"},"sceneLighting":false,"audioPlay":false,"sceneViewState":{"m_AlwaysRefresh":false,"showFog":true,"showSkybox":false,"showFlares":true,"showImageEffects":true,"showParticleSystems":true,"showVisualEffectGraphs":true,"m_FxEnabled":true},"in2DMode":false,"pivot":{"x":0.19999998807907105,"y":1.1500000953674317,"z":28.889999389648439},"rotation":{"x":0.016083890572190286,"y":-0.8901302218437195,"z":0.030868852511048318,"w":0.45456168055534365},"size":0.5367716550827026,"orthographic":false}