{"cameraMode":{"drawMode":0,"name":"Shaded","section":"Shading Mode"},"sceneLighting":true,"audioPlay":false,"sceneViewState":{"m_AlwaysRefresh":false,"showFog":true,"showSkybox":false,"showFlares":true,"showImageEffects":true,"showParticleSystems":true,"showVisualEffectGraphs":true,"m_FxEnabled":true},"in2DMode":false,"pivot":{"x":2.7254931926727297,"y":9.980927467346192,"z":34.611053466796878},"rotation":{"x":-0.07250221818685532,"y":0.8623948097229004,"z":-0.48442915081977847,"w":-0.1289273053407669},"size":0.6978029012680054,"orthographic":false}